SWIT-ML_OCU_OcuDeInit,REQ,SWS_Ocu_00049
SWIT-ML_OCU_OcuSetPinState,REQ,SWS_Ocu_00070
SWIT-ML_OCU_OcuSetPinAction,REQ,SWS_Ocu_00079
SWIT-ML_OCU_OcuGetCounter,REQ,SWS_Ocu_00088
SWIT-ML_OCU_OcuSetAbsoluteThreshold,REQ,SWS_Ocu_00094
SWIT-ML_OCU_OcuSetRelativeThreshold,REQ,SWS_Ocu_00103
SWIT-ML_OCU_OcuDisableNotification,REQ,SWS_Ocu_00111
SWIT-ML_OCU_OcuEnableNotification,REQ,SWS_Ocu_00118
SWIT-ML_OCU_OcuGetVersionInfo,REQ,SWS_Ocu_00124
"SWIT-ML_OCU_OcuInit,SWIT-ML_OCU_OcuInitAllChannel",REQ,SWS_Ocu_00131
"SWIT-ML_OCU_OcuInit,SWIT-ML_OCU_OcuInitAllChannel,SWIT-ML_OCU_OcuDeInit,SWIT-ML_OCU_OcuStartChannel,SWIT-ML_OCU_OcuStopChannel,SWIT-ML_OCU_OcuEnableNotification,SWIT-ML_OCU_OcuDisableNotification,SWIT-ML_OCU_OcuSetPrescaler,SWIT-ML_OCU_OcuSetPinState,SWIT-ML_OCU_OcuSetPinAction,SWIT-ML_OCU_OcuSetAbsoluteThreshold,SWIT-ML_OCU_OcuSetRelativeThreshold,SWIT-ML_OCU_OcuGetVersionInfo,SWIT-ML_OCU_OcuGetCounter,SWIT-ML_OCU_OcuCheckChannelStatusDetNoChecked,SWIT-ML_OCU_OcuCheckChannelStatusStopped,SWIT-ML_OCU_OcuCheckChannelStatusRunning,SWIT-ML_OCU_OcuCheckChannelStatusUninit",REQ,SWS_Ocu_00135
"SWIT-ML_OCU_OcuInit,SWIT-ML_OCU_OcuInitAllChannel,SWIT-ML_OCU_OcuDeInit,SWIT-ML_OCU_OcuStartChannel,SWIT-ML_OCU_OcuStopChannel,SWIT-ML_OCU_OcuEnableNotification,SWIT-ML_OCU_OcuDisableNotification,SWIT-ML_OCU_OcuSetPrescaler,SWIT-ML_OCU_OcuSetPinState,SWIT-ML_OCU_OcuSetPinAction,SWIT-ML_OCU_OcuSetAbsoluteThreshold,SWIT-ML_OCU_OcuSetRelativeThreshold,SWIT-ML_OCU_OcuGetVersionInfo,SWIT-ML_OCU_OcuGetCounter,SWIT-ML_OCU_OcuCheckChannelStatusDetNoChecked,SWIT-ML_OCU_OcuCheckChannelStatusStopped,SWIT-ML_OCU_OcuCheckChannelStatusRunning,SWIT-ML_OCU_OcuCheckChannelStatusUninit",REQ,ECUC_Ocu_00136
"SWIT-ML_OCU_OcuInit,SWIT-ML_OCU_OcuInitAllChannel,SWIT-ML_OCU_OcuDeInit,SWIT-ML_OCU_OcuStartChannel,SWIT-ML_OCU_OcuStopChannel,SWIT-ML_OCU_OcuEnableNotification,SWIT-ML_OCU_OcuDisableNotification,SWIT-ML_OCU_OcuSetPrescaler,SWIT-ML_OCU_OcuSetPinState,SWIT-ML_OCU_OcuSetPinAction,SWIT-ML_OCU_OcuSetAbsoluteThreshold,SWIT-ML_OCU_OcuSetRelativeThreshold,SWIT-ML_OCU_OcuGetVersionInfo,SWIT-ML_OCU_OcuGetCounter,SWIT-ML_OCU_OcuCheckChannelStatusDetNoChecked,SWIT-ML_OCU_OcuCheckChannelStatusStopped,SWIT-ML_OCU_OcuCheckChannelStatusRunning,SWIT-ML_OCU_OcuCheckChannelStatusUninit",REQ,ECUC_Ocu_00137
"SWIT-ML_OCU_ISRUninit,SWIT-ML_OCU_Uninit,SWIT-ML_OCU_InvalidChannel,SWIT-ML_OCU_WaitingTrigger,SWIT-ML_OCU_OcuInitFailed,SWIT-ML_OCU_OcuInitAlreadyInitialized,SWIT-ML_OCU_OcuDeInitInvalidState,SWIT-ML_OCU_OcuStartChannelBusy,SWIT-ML_OCU_OcuEnableNotificationNoValidNotif,SWIT-ML_OCU_OcuDisableNotificationNoValidNotif,SWIT-ML_OCU_OcuSetPrescalerBusy,SWIT-ML_OCU_OcuSetPrescalerInvalidClock,SWIT-ML_OCU_OcuSetPinStateInvalidState,SWIT-ML_OCU_OcuSetPinStateNoPin,SWIT-ML_OCU_OcuSetPinActionInvalidAction,SWIT-ML_OCU_OcuSetPinActionNoPin,SWIT-ML_OCU_OcuSetAbsoluteThresholdReferenceValue,SWIT-ML_OCU_OcuSetAbsoluteThresholdInvalidAbsoluteThreshold,SWIT-ML_OCU_OcuSetRelativeThresholdInvalidRelativeThreshold,SWIT-ML_OCU_OcuGetVersionInfoInvalidPointer,SWIT_ML_OCU_OcuCheckChannelStatusDetInvalidPointer",REQ,ECUC_Ocu_00138
"SWIT-ML_OCU_OcuDeInit,SWIT-ML_OCU_OcuSetPinState,SWIT-ML_OCU_OcuSetPinAction,SWIT-ML_OCU_OcuGetCounter,SWIT-ML_OCU_OcuSetAbsoluteThreshold,SWIT-ML_OCU_OcuSetRelativeThreshold,SWIT-ML_OCU_OcuDisableNotification,SWIT-ML_OCU_OcuEnableNotification,SWIT-ML_OCU_OcuGetVersionInfo,SWIT-ML_OCU_OcuSetPrescaler,SWIT-ML_OCU_OcuCheckChannelStatusDetNoChecked,SWIT-ML_OCU_OcuCheckChannelStatusStopped,SWIT-ML_OCU_OcuCheckChannelStatusRunning,SWIT-ML_OCU_OcuCheckChannelStatusUninit",REQ,ECUC_Ocu_00139
SWIT-ML_OCU_OcuDeInit,REQ,ECUC_Ocu_00140
SWIT-ML_OCU_OcuGetCounter,REQ,ECUC_Ocu_00141
"SWIT-ML_OCU_OcuDisableNotification,SWIT-ML_OCU_OcuEnableNotification",REQ,ECUC_Ocu_00142
SWIT-ML_OCU_OcuSetAbsoluteThreshold,REQ,ECUC_Ocu_00143
SWIT-ML_OCU_OcuSetPinAction,REQ,ECUC_Ocu_00144
SWIT-ML_OCU_OcuSetPinState,REQ,ECUC_Ocu_00145
SWIT-ML_OCU_OcuSetRelativeThreshold,REQ,ECUC_Ocu_00146
SWIT-ML_OCU_OcuGetVersionInfo,REQ,ECUC_Ocu_00147
"SWIT-ML_OCU_OcuInit,SWIT-ML_OCU_OcuInitAllChannel",REQ,ECUC_Ocu_00148
"SWIT-ML_OCU_OcuInit,SWIT-ML_OCU_OcuInitAllChannel,SWIT-ML_OCU_OcuSetPinState,SWIT-ML_OCU_OcuCheckChannelStatusStopped,SWIT-ML_OCU_OcuCheckChannelStatusRunning,SWIT-ML_OCU_OcuCheckChannelStatusUninit",REQ,ECUC_Ocu_00149
"SWIT-ML_OCU_OcuInit,SWIT-ML_OCU_OcuInitAllChannel",REQ,ECUC_Ocu_00150
"SWIT-ML_OCU_OcuInit,SWIT-ML_OCU_OcuInitAllChannel",REQ,ECUC_Ocu_00151
"SWIT-ML_OCU_OcuInit,SWIT-ML_OCU_OcuInitAllChannel,SWIT-ML_OCU_OcuDeInit",REQ,ECUC_Ocu_00152
"SWIT-ML_OCU_OcuInit,SWIT-ML_OCU_OcuInitAllChannel",REQ,ECUC_Ocu_00153
"SWIT-ML_OCU_OcuInit,SWIT-ML_OCU_OcuInitAllChannel",REQ,ECUC_Ocu_00154
"SWIT-ML_OCU_OcuInit,SWIT-ML_OCU_OcuInitAllChannel",REQ,ECUC_Ocu_00155
"SWIT-ML_OCU_OcuInit,SWIT-ML_OCU_OcuInitAllChannel",REQ,ECUC_Ocu_00156
"SWIT-ML_OCU_OcuInit,SWIT-ML_OCU_OcuInitAllChannel,SWIT-ML_OCU_OcuSetAbsoluteThreshold,SWIT-ML_OCU_OcuSetRelativeThreshold",REQ,ECUC_Ocu_00157
"SWIT-ML_OCU_OcuStartChannel,SWIT-ML_OCU_OcuDisableNotification,SWIT-ML_OCU_OcuEnableNotification",REQ,ECUC_Ocu_00158
"SWIT-ML_OCU_OcuSetPinState,SWIT-ML_OCU_OcuSetPinAction",REQ,ECUC_Ocu_00159
"SWIT-ML_OCU_OcuInit,SWIT-ML_OCU_OcuInitAllChannel",REQ,ECUC_Ocu_00160
"SWIT-ML_OCU_OcuInit,SWIT-ML_OCU_OcuInitAllChannel",REQ,ECUC_Ocu_00161
"SWIT-ML_OCU_OcuInit,SWIT-ML_OCU_OcuInitAllChannel",REQ,ECUC_Ocu_00162
"SWIT-ML_OCU_OcuInit,SWIT-ML_OCU_OcuInitAllChannel",REQ,ECUC_Ocu_00163
"SWIT-ML_OCU_OcuInit,SWIT-ML_OCU_OcuInitAllChannel",REQ,ECUC_Ocu_00164
"SWIT-ML_OCU_OcuInit,SWIT-ML_OCU_OcuInitAllChannel",REQ,ECUC_Ocu_00165
"SWIT-ML_OCU_OcuInit,SWIT-ML_OCU_OcuInitAllChannel",REQ,ECUC_Ocu_00166
SWIT-ML_OCU_OcuGetVersionInfo,REQ,SWS_Ocu_00169
"SWIT-ML_OCU_OcuInit,SWIT-ML_OCU_OcuInitAllChannel,SWIT-ML_OCU_OcuSetPrescaler",REQ,CY_MCAL_OCU_002
"SWIT-ML_OCU_OcuInit,SWIT-ML_OCU_OcuInitAllChannel,SWIT-ML_OCU_OcuSetPrescaler",REQ,CY_MCAL_OCU_003
"SWIT-ML_OCU_OcuCheckChannelStatusDetNoChecked,SWIT-ML_OCU_OcuCheckChannelStatusStopped,SWIT-ML_OCU_OcuCheckChannelStatusRunning,SWIT-ML_OCU_OcuCheckChannelStatusUninit",REQ,CY_MCAL_OCU_044
SWIT-ML_OCU_OcuSetPrescaler,REQ,CY_MCAL_OCU_045
"SWIT-ML_OCU_OcuInit,SWIT-ML_OCU_OcuInitAllChannel",REQ,CY_MCAL_OCU_047
"SWIT-ML_OCU_OcuInit,SWIT-ML_OCU_OcuInitAllChannel",REQ,CY_MCAL_OCU_052
"SWIT-ML_OCU_OcuInit,SWIT-ML_OCU_OcuInitAllChannel",REQ,CY_MCAL_OCU_067
"SWIT-ML_OCU_OcuInit,SWIT-ML_OCU_OcuInitAllChannel",REQ,CY_MCAL_OCU_068
"SWIT-ML_OCU_OcuInit,SWIT-ML_OCU_OcuInitAllChannel,SWIT-ML_OCU_OcuCheckChannelStatusStopped,SWIT-ML_OCU_OcuCheckChannelStatusRunning,SWIT-ML_OCU_OcuCheckChannelStatusUninit",REQ,CY_MCAL_OCU_074
"SWIT-ML_OCU_OcuSetAbsoluteThreshold,SWIT-ML_OCU_OcuSetRelativeThreshold,SWIT-ML_OCU_OcuGetCounter",REQ,SWS_Ocu_00013
"SWIT-ML_OCU_ISRUninit,SWIT-ML_OCU_Uninit,SWIT-ML_OCU_InvalidChannel,SWIT-ML_OCU_WaitingTrigger,SWIT-ML_OCU_OcuInitFailed,SWIT-ML_OCU_OcuInitAlreadyInitialized,SWIT-ML_OCU_OcuDeInitInvalidState,SWIT-ML_OCU_OcuStartChannelBusy,SWIT-ML_OCU_OcuEnableNotificationNoValidNotif,SWIT-ML_OCU_OcuDisableNotificationNoValidNotif,SWIT-ML_OCU_OcuSetPrescalerBusy,SWIT-ML_OCU_OcuSetPrescalerInvalidClock,SWIT-ML_OCU_OcuSetPinStateInvalidState,SWIT-ML_OCU_OcuSetPinStateNoPin,SWIT-ML_OCU_OcuSetPinActionInvalidAction,SWIT-ML_OCU_OcuSetPinActionNoPin,SWIT-ML_OCU_OcuSetAbsoluteThresholdReferenceValue,SWIT-ML_OCU_OcuSetAbsoluteThresholdInvalidAbsoluteThreshold,SWIT-ML_OCU_OcuSetRelativeThresholdInvalidRelativeThreshold,SWIT-ML_OCU_OcuGetVersionInfoInvalidPointer,SWIT_ML_OCU_OcuCheckChannelStatusDetInvalidPointer",REQ,SWS_Ocu_00018
"SWIT-ML_OCU_ISRUninit,SWIT-ML_OCU_Uninit,SWIT-ML_OCU_InvalidChannel,SWIT-ML_OCU_WaitingTrigger,SWIT-ML_OCU_OcuInitFailed,SWIT-ML_OCU_OcuInitAlreadyInitialized,SWIT-ML_OCU_OcuDeInitInvalidState,SWIT-ML_OCU_OcuStartChannelBusy,SWIT-ML_OCU_OcuEnableNotificationNoValidNotif,SWIT-ML_OCU_OcuDisableNotificationNoValidNotif,SWIT-ML_OCU_OcuSetPrescalerBusy,SWIT-ML_OCU_OcuSetPrescalerInvalidClock,SWIT-ML_OCU_OcuSetPinStateInvalidState,SWIT-ML_OCU_OcuSetPinStateNoPin,SWIT-ML_OCU_OcuSetPinActionInvalidAction,SWIT-ML_OCU_OcuSetPinActionNoPin,SWIT-ML_OCU_OcuSetAbsoluteThresholdReferenceValue,SWIT-ML_OCU_OcuSetAbsoluteThresholdInvalidAbsoluteThreshold,SWIT-ML_OCU_OcuSetRelativeThresholdInvalidRelativeThreshold,SWIT-ML_OCU_OcuGetVersionInfoInvalidPointer,SWIT_ML_OCU_OcuCheckChannelStatusDetInvalidPointer",REQ,SWS_Ocu_00019
"SWIT-ML_OCU_ISRUninit,SWIT-ML_OCU_Uninit,SWIT-ML_OCU_InvalidChannel,SWIT-ML_OCU_WaitingTrigger,SWIT-ML_OCU_OcuInitFailed,SWIT-ML_OCU_OcuInitAlreadyInitialized,SWIT-ML_OCU_OcuDeInitInvalidState,SWIT-ML_OCU_OcuStartChannelBusy,SWIT-ML_OCU_OcuEnableNotificationNoValidNotif,SWIT-ML_OCU_OcuDisableNotificationNoValidNotif,SWIT-ML_OCU_OcuSetPrescalerBusy,SWIT-ML_OCU_OcuSetPrescalerInvalidClock,SWIT-ML_OCU_OcuSetPinStateInvalidState,SWIT-ML_OCU_OcuSetPinStateNoPin,SWIT-ML_OCU_OcuSetPinActionInvalidAction,SWIT-ML_OCU_OcuSetPinActionNoPin,SWIT-ML_OCU_OcuSetAbsoluteThresholdReferenceValue,SWIT-ML_OCU_OcuSetAbsoluteThresholdInvalidAbsoluteThreshold,SWIT-ML_OCU_OcuSetRelativeThresholdInvalidRelativeThreshold,SWIT-ML_OCU_OcuGetVersionInfoInvalidPointer,SWIT_ML_OCU_OcuCheckChannelStatusDetInvalidPointer",REQ,SWS_Ocu_00021
"SWIT-ML_OCU_OcuCheckChannelStatusDetNoChecked,SWIT-ML_OCU_OcuCheckChannelStatusStopped,SWIT-ML_OCU_OcuCheckChannelStatusRunning,SWIT-ML_OCU_OcuCheckChannelStatusUninit",REQ,SWS_Ocu_00028
SWIT-ML_OCU_OcuGetCounter,REQ,SWS_Ocu_00029
SWIT-ML_OCU_OcuSetPinState,REQ,SWS_Ocu_00031
SWIT-ML_OCU_OcuSetPinAction,REQ,SWS_Ocu_00032
"SWIT-ML_OCU_OcuInit,SWIT-ML_OCU_OcuInitAllChannel",REQ,SWS_Ocu_00033
"SWIT-ML_OCU_OcuInit,SWIT-ML_OCU_OcuInitAllChannel",REQ,SWS_Ocu_00034
"SWIT-ML_OCU_OcuSetAbsoluteThreshold,SWIT-ML_OCU_OcuSetRelativeThreshold",REQ,SWS_Ocu_00138
"SWIT-ML_OCU_OcuInit,SWIT-ML_OCU_OcuInitAllChannel",REQ,SWS_Ocu_00035
"SWIT-ML_OCU_OcuInit,SWIT-ML_OCU_OcuInitAllChannel",REQ,SWS_Ocu_00036
"SWIT-ML_OCU_OcuInit,SWIT-ML_OCU_OcuInitAllChannel",REQ,SWS_Ocu_00010
"SWIT-ML_OCU_OcuInit,SWIT-ML_OCU_OcuInitAllChannel",REQ,SWS_Ocu_00011
"SWIT-ML_OCU_OcuInit,SWIT-ML_OCU_OcuInitAllChannel",REQ,SWS_Ocu_00037
"SWIT-ML_OCU_OcuInit,SWIT-ML_OCU_OcuInitAllChannel",REQ,SWS_Ocu_00038
"SWIT-ML_OCU_OcuInit,SWIT-ML_OCU_OcuInitAllChannel",REQ,SWS_Ocu_00039
"SWIT-ML_OCU_OcuInit,SWIT-ML_OCU_OcuInitAllChannel",REQ,SWS_Ocu_00040
SWIT-ML_OCU_OcuInitAlreadyInitialized,REQ,SWS_Ocu_00043
"SWIT-ML_OCU_OcuInit,SWIT-ML_OCU_OcuInitAllChannel",REQ,SWS_Ocu_00044
SWIT-ML_OCU_OcuDeInit,REQ,SWS_Ocu_00045
SWIT-ML_OCU_OcuDeInit,REQ,SWS_Ocu_00046
SWIT-ML_OCU_OcuDeInit,REQ,SWS_Ocu_00047
SWIT-ML_OCU_OcuDeInit,REQ,SWS_Ocu_00048
SWIT-ML_OCU_OcuDeInit,REQ,SWS_Ocu_00136
SWIT-ML_OCU_OcuDeInitInvalidState,REQ,SWS_Ocu_00137
SWIT-ML_OCU_Uninit,REQ,SWS_Ocu_00050
SWIT-ML_OCU_OcuStartChannel,REQ,SWS_Ocu_00051
SWIT-ML_OCU_OcuStartChannel,REQ,SWS_Ocu_00052
SWIT-ML_OCU_OcuStartChannel,REQ,SWS_Ocu_00054
SWIT-ML_OCU_OcuStartChannelBusy,REQ,SWS_Ocu_00055
SWIT-ML_OCU_InvalidChannel,REQ,SWS_Ocu_00056
SWIT-ML_OCU_Uninit,REQ,SWS_Ocu_00057
SWIT-ML_OCU_OcuStopChannel,REQ,SWS_Ocu_00058
SWIT-ML_OCU_OcuStopChannel,REQ,SWS_Ocu_00059
SWIT-ML_OCU_OcuStopChannel,REQ,SWS_Ocu_00060
SWIT-ML_OCU_OcuStopChannel,REQ,SWS_Ocu_00062
SWIT-ML_OCU_OcuStopChannel,REQ,SWS_Ocu_00063
SWIT-ML_OCU_InvalidChannel,REQ,SWS_Ocu_00064
SWIT-ML_OCU_Uninit,REQ,SWS_Ocu_00065
SWIT-ML_OCU_OcuSetPinState,REQ,SWS_Ocu_00066
SWIT-ML_OCU_OcuSetPinState,REQ,SWS_Ocu_00067
SWIT-ML_OCU_OcuSetPinStateInvalidState,REQ,SWS_Ocu_00069
SWIT-ML_OCU_InvalidChannel,REQ,SWS_Ocu_00071
SWIT-ML_OCU_OcuSetPinStateNoPin,REQ,SWS_Ocu_00072
SWIT-ML_OCU_OcuSetPinStateInvalidState,REQ,SWS_Ocu_00073
SWIT-ML_OCU_Uninit,REQ,SWS_Ocu_00074
SWIT-ML_OCU_OcuSetPinStateInvalidState,REQ,SWS_Ocu_00075
SWIT-ML_OCU_OcuSetPinAction,REQ,SWS_Ocu_00076
SWIT-ML_OCU_OcuSetPinAction,REQ,SWS_Ocu_00077
SWIT-ML_OCU_InvalidChannel,REQ,SWS_Ocu_00080
SWIT-ML_OCU_OcuSetPinActionNoPin,REQ,SWS_Ocu_00081
SWIT-ML_OCU_OcuSetPinActionInvalidAction,REQ,SWS_Ocu_00082
SWIT-ML_OCU_Uninit,REQ,SWS_Ocu_00083
SWIT-ML_OCU_OcuSetPinAction,REQ,SWS_Ocu_00084
SWIT-ML_OCU_OcuGetCounter,REQ,SWS_Ocu_00085
SWIT-ML_OCU_OcuGetCounter,REQ,SWS_Ocu_00086
SWIT-ML_OCU_InvalidChannel,REQ,SWS_Ocu_00089
SWIT-ML_OCU_Uninit,REQ,SWS_Ocu_00090
SWIT-ML_OCU_OcuSetAbsoluteThreshold,REQ,SWS_Ocu_00091
SWIT-ML_OCU_OcuSetAbsoluteThreshold,REQ,SWS_Ocu_00092
SWIT-ML_OCU_Uninit,REQ,SWS_Ocu_00095
SWIT-ML_OCU_InvalidChannel,REQ,SWS_Ocu_00096
SWIT-ML_OCU_OcuSetAbsoluteThreshold,REQ,SWS_Ocu_00098
SWIT-ML_OCU_OcuSetAbsoluteThreshold,REQ,SWS_Ocu_00097
SWIT-ML_OCU_OcuSetRelativeThreshold,REQ,SWS_Ocu_00100
SWIT-ML_OCU_OcuSetRelativeThreshold,REQ,SWS_Ocu_00101
SWIT-ML_OCU_OcuSetRelativeThreshold,REQ,SWS_Ocu_00106
SWIT-ML_OCU_OcuSetRelativeThreshold,REQ,SWS_Ocu_00107
SWIT-ML_OCU_Uninit,REQ,SWS_Ocu_00104
SWIT-ML_OCU_InvalidChannel,REQ,SWS_Ocu_00105
SWIT-ML_OCU_OcuDisableNotification,REQ,SWS_Ocu_00108
SWIT-ML_OCU_OcuDisableNotification,REQ,SWS_Ocu_00109
SWIT-ML_OCU_Uninit,REQ,SWS_Ocu_00112
SWIT-ML_OCU_InvalidChannel,REQ,SWS_Ocu_00113
SWIT-ML_OCU_OcuDisableNotificationNoValidNotif,REQ,SWS_Ocu_00114
SWIT-ML_OCU_OcuEnableNotification,REQ,SWS_Ocu_00115
SWIT-ML_OCU_OcuEnableNotification,REQ,SWS_Ocu_00116
SWIT-ML_OCU_Uninit,REQ,SWS_Ocu_00119
SWIT-ML_OCU_InvalidChannel,REQ,SWS_Ocu_00120
SWIT-ML_OCU_OcuEnableNotificationNoValidNotif,REQ,SWS_Ocu_00121
SWIT-ML_OCU_OcuGetVersionInfo,REQ,SWS_Ocu_00122
SWIT-ML_OCU_OcuGetVersionInfo,REQ,SWS_Ocu_00123
SWIT-ML_OCU_OcuGetVersionInfoInvalidPointer,REQ,SWS_Ocu_00126
"SWIT-ML_OCU_ISRUninit,SWIT-ML_OCU_Uninit,SWIT-ML_OCU_InvalidChannel,SWIT-ML_OCU_WaitingTrigger,SWIT-ML_OCU_OcuInitFailed,SWIT-ML_OCU_OcuInitAlreadyInitialized,SWIT-ML_OCU_OcuDeInitInvalidState,SWIT-ML_OCU_OcuStartChannelBusy,SWIT-ML_OCU_OcuEnableNotificationNoValidNotif,SWIT-ML_OCU_OcuDisableNotificationNoValidNotif,SWIT-ML_OCU_OcuSetPrescalerBusy,SWIT-ML_OCU_OcuSetPrescalerInvalidClock,SWIT-ML_OCU_OcuSetPinStateInvalidState,SWIT-ML_OCU_OcuSetPinStateNoPin,SWIT-ML_OCU_OcuSetPinActionInvalidAction,SWIT-ML_OCU_OcuSetPinActionNoPin,SWIT-ML_OCU_OcuSetAbsoluteThresholdReferenceValue,SWIT-ML_OCU_OcuSetAbsoluteThresholdInvalidAbsoluteThreshold,SWIT-ML_OCU_OcuSetRelativeThresholdInvalidRelativeThreshold,SWIT-ML_OCU_OcuGetVersionInfoInvalidPointer,SWIT_ML_OCU_OcuCheckChannelStatusDetInvalidPointer",REQ,SWS_Ocu_00127
"SWIT-ML_OCU_OcuEnableNotification,SWIT-ML_OCU_OcuDisableNotification",REQ,SWS_Ocu_00128
"SWIT-ML_OCU_OcuEnableNotification,SWIT-ML_OCU_OcuDisableNotification",REQ,SWS_Ocu_00129
"SWIT-ML_OCU_OcuEnableNotification,SWIT-ML_OCU_OcuDisableNotification",REQ,SWS_Ocu_00130
"SWIT-ML_OCU_OcuEnableNotification,SWIT-ML_OCU_OcuDisableNotification",REQ,SWS_Ocu_00132
"SWIT-ML_OCU_OcuEnableNotification,SWIT-ML_OCU_OcuDisableNotification",REQ,SWS_Ocu_00133
SWIT-ML_OCU_OcuGetVersionInfo,REQ,CY_MCAL_OCU_017
"SWIT-ML_OCU_OcuInit,SWIT-ML_OCU_OcuInitAllChannel",REQ,CY_MCAL_OCU_018
"SWIT-ML_OCU_OcuInit,SWIT-ML_OCU_OcuInitAllChannel,SWIT-ML_OCU_OcuDeInit,SWIT-ML_OCU_OcuStartChannel,SWIT-ML_OCU_OcuStopChannel,SWIT-ML_OCU_OcuSetPrescaler,SWIT-ML_OCU_OcuSetPinState,SWIT-ML_OCU_OcuSetPinAction,SWIT-ML_OCU_OcuSetAbsoluteThreshold,SWIT-ML_OCU_OcuSetRelativeThreshold,SWIT-ML_OCU_OcuCheckChannelStatusStopped,SWIT-ML_OCU_OcuCheckChannelStatusRunning,SWIT-ML_OCU_OcuCheckChannelStatusUninit",REQ,CY_MCAL_OCU_058
"SWIT-ML_OCU_ISRUninit,SWIT-ML_OCU_Uninit,SWIT-ML_OCU_InvalidChannel,SWIT-ML_OCU_WaitingTrigger,SWIT-ML_OCU_OcuInitFailed,SWIT-ML_OCU_OcuInitAlreadyInitialized,SWIT-ML_OCU_OcuDeInitInvalidState,SWIT-ML_OCU_OcuStartChannelBusy,SWIT-ML_OCU_OcuEnableNotificationNoValidNotif,SWIT-ML_OCU_OcuDisableNotificationNoValidNotif,SWIT-ML_OCU_OcuSetPrescalerBusy,SWIT-ML_OCU_OcuSetPrescalerInvalidClock,SWIT-ML_OCU_OcuSetPinStateInvalidState,SWIT-ML_OCU_OcuSetPinStateNoPin,SWIT-ML_OCU_OcuSetPinActionInvalidAction,SWIT-ML_OCU_OcuSetPinActionNoPin,SWIT-ML_OCU_OcuSetAbsoluteThresholdReferenceValue,SWIT-ML_OCU_OcuSetAbsoluteThresholdInvalidAbsoluteThreshold,SWIT-ML_OCU_OcuSetRelativeThresholdInvalidRelativeThreshold,SWIT-ML_OCU_OcuGetVersionInfoInvalidPointer,SWIT_ML_OCU_OcuCheckChannelStatusDetInvalidPointer",REQ,CY_MCAL_OCU_023
"SWIT-ML_OCU_OcuCheckChannelStatusDetNoChecked,SWIT-ML_OCU_OcuCheckChannelStatusStopped,SWIT-ML_OCU_OcuCheckChannelStatusRunning,SWIT-ML_OCU_OcuCheckChannelStatusUninit",REQ,CY_MCAL_OCU_025
"SWIT-ML_OCU_OcuCheckChannelStatusDetNoChecked,SWIT-ML_OCU_OcuCheckChannelStatusStopped,SWIT-ML_OCU_OcuCheckChannelStatusRunning,SWIT-ML_OCU_OcuCheckChannelStatusUninit",REQ,CY_MCAL_OCU_026
"SWIT-ML_OCU_OcuCheckChannelStatusDetNoChecked,SWIT-ML_OCU_OcuCheckChannelStatusStopped,SWIT-ML_OCU_OcuCheckChannelStatusRunning,SWIT-ML_OCU_OcuCheckChannelStatusUninit",REQ,CY_MCAL_OCU_027
"SWIT-ML_OCU_ISRUninit,SWIT-ML_OCU_Uninit,SWIT-ML_OCU_InvalidChannel,SWIT-ML_OCU_WaitingTrigger,SWIT-ML_OCU_OcuInitFailed,SWIT-ML_OCU_OcuInitAlreadyInitialized,SWIT-ML_OCU_OcuDeInitInvalidState,SWIT-ML_OCU_OcuStartChannelBusy,SWIT-ML_OCU_OcuEnableNotificationNoValidNotif,SWIT-ML_OCU_OcuDisableNotificationNoValidNotif,SWIT-ML_OCU_OcuSetPrescalerBusy,SWIT-ML_OCU_OcuSetPrescalerInvalidClock,SWIT-ML_OCU_OcuSetPinStateInvalidState,SWIT-ML_OCU_OcuSetPinStateNoPin,SWIT-ML_OCU_OcuSetPinActionInvalidAction,SWIT-ML_OCU_OcuSetPinActionNoPin,SWIT-ML_OCU_OcuSetAbsoluteThresholdReferenceValue,SWIT-ML_OCU_OcuSetAbsoluteThresholdInvalidAbsoluteThreshold,SWIT-ML_OCU_OcuSetRelativeThresholdInvalidRelativeThreshold,SWIT-ML_OCU_OcuGetVersionInfoInvalidPointer,SWIT_ML_OCU_OcuCheckChannelStatusDetInvalidPointer",REQ,CY_MCAL_OCU_028
"SWIT-ML_OCU_WaitingTrigger,SWIT-ML_OCU_OcuSetPrescalerInvalidClock,SWIT-ML_OCU_OcuSetAbsoluteThresholdReferenceValue,SWIT-ML_OCU_OcuSetAbsoluteThresholdInvalidAbsoluteThreshold,SWIT-ML_OCU_OcuSetRelativeThresholdInvalidRelativeThreshold",REQ,CY_MCAL_OCU_029
"SWIT-ML_OCU_OcuInit,SWIT-ML_OCU_OcuInitAllChannel",REQ,CY_MCAL_OCU_031
"SWIT-ML_OCU_OcuInit,SWIT-ML_OCU_OcuInitAllChannel,SWIT-ML_OCU_OcuDeInit,SWIT-ML_OCU_OcuStartChannel,SWIT-ML_OCU_OcuStopChannel,SWIT-ML_OCU_OcuEnableNotification,SWIT-ML_OCU_OcuDisableNotification,SWIT-ML_OCU_OcuSetPrescaler,SWIT-ML_OCU_OcuSetPinState,SWIT-ML_OCU_OcuSetPinAction,SWIT-ML_OCU_OcuSetAbsoluteThreshold,SWIT-ML_OCU_OcuSetRelativeThreshold,SWIT-ML_OCU_OcuGetVersionInfo,SWIT-ML_OCU_OcuGetCounter,SWIT-ML_OCU_OcuCheckChannelStatusDetNoChecked,SWIT-ML_OCU_OcuCheckChannelStatusStopped,SWIT-ML_OCU_OcuCheckChannelStatusRunning,SWIT-ML_OCU_OcuCheckChannelStatusUninit",REQ,CY_MCAL_OCU_032
"SWIT-ML_OCU_OcuCheckChannelStatusDetNoChecked,SWIT-ML_OCU_OcuCheckChannelStatusStopped,SWIT-ML_OCU_OcuCheckChannelStatusRunning,SWIT-ML_OCU_OcuCheckChannelStatusUninit",REQ,CY_MCAL_OCU_033
"SWIT-ML_OCU_OcuCheckChannelStatusDetNoChecked,SWIT-ML_OCU_OcuCheckChannelStatusStopped,SWIT-ML_OCU_OcuCheckChannelStatusRunning,SWIT-ML_OCU_OcuCheckChannelStatusUninit",REQ,CY_MCAL_OCU_034
"SWIT-ML_OCU_OcuCheckChannelStatusDetNoChecked,SWIT-ML_OCU_OcuCheckChannelStatusStopped,SWIT-ML_OCU_OcuCheckChannelStatusRunning,SWIT-ML_OCU_OcuCheckChannelStatusUninit",REQ,CY_MCAL_OCU_040
"SWIT-ML_OCU_OcuCheckChannelStatusDetNoChecked,SWIT-ML_OCU_OcuCheckChannelStatusStopped,SWIT-ML_OCU_OcuCheckChannelStatusRunning,SWIT-ML_OCU_OcuCheckChannelStatusUninit",REQ,CY_MCAL_OCU_041
"SWIT-ML_OCU_OcuCheckChannelStatusDetNoChecked,SWIT-ML_OCU_OcuCheckChannelStatusStopped,SWIT-ML_OCU_OcuCheckChannelStatusRunning,SWIT-ML_OCU_OcuCheckChannelStatusUninit",REQ,CY_MCAL_OCU_042
"SWIT-ML_OCU_OcuCheckChannelStatusDetNoChecked,SWIT-ML_OCU_OcuCheckChannelStatusStopped,SWIT-ML_OCU_OcuCheckChannelStatusRunning,SWIT-ML_OCU_OcuCheckChannelStatusUninit",REQ,CY_MCAL_OCU_043
"SWIT-ML_OCU_OcuSetPrescaler,SWIT-ML_OCU_OcuSetPrescalerBusy,SWIT-ML_OCU_OcuSetPrescalerInvalidClock",REQ,CY_MCAL_OCU_060
"SWIT-ML_OCU_OcuInit,SWIT-ML_OCU_OcuInitAllChannel",REQ,CY_MCAL_OCU_056
"SWIT-ML_OCU_ISRUninit,SWIT-ML_OCU_Uninit,SWIT-ML_OCU_InvalidChannel,SWIT-ML_OCU_WaitingTrigger,SWIT-ML_OCU_OcuInitFailed,SWIT-ML_OCU_OcuInitAlreadyInitialized,SWIT-ML_OCU_OcuDeInitInvalidState,SWIT-ML_OCU_OcuStartChannelBusy,SWIT-ML_OCU_OcuEnableNotificationNoValidNotif,SWIT-ML_OCU_OcuDisableNotificationNoValidNotif,SWIT-ML_OCU_OcuSetPrescalerBusy,SWIT-ML_OCU_OcuSetPrescalerInvalidClock,SWIT-ML_OCU_OcuSetPinStateInvalidState,SWIT-ML_OCU_OcuSetPinStateNoPin,SWIT-ML_OCU_OcuSetPinActionInvalidAction,SWIT-ML_OCU_OcuSetPinActionNoPin,SWIT-ML_OCU_OcuSetAbsoluteThresholdReferenceValue,SWIT-ML_OCU_OcuSetAbsoluteThresholdInvalidAbsoluteThreshold,SWIT-ML_OCU_OcuSetRelativeThresholdInvalidRelativeThreshold,SWIT-ML_OCU_OcuGetVersionInfoInvalidPointer,SWIT_ML_OCU_OcuCheckChannelStatusDetInvalidPointer",REQ,CY_MCAL_OCU_046
SWIT-ML_OCU_OcuSetAbsoluteThresholdReferenceValue,REQ,CY_MCAL_OCU_049
SWIT-ML_OCU_OcuSetAbsoluteThresholdInvalidAbsoluteThreshold,REQ,CY_MCAL_OCU_050
SWIT-ML_OCU_OcuSetRelativeThresholdInvalidRelativeThreshold,REQ,CY_MCAL_OCU_051
SWIT-ML_OCU_ISRUninit,REQ,CY_HW_FS_OCU_002
"SWIT-ML_OCU_OcuInit,SWIT-ML_OCU_OcuInitAllChannel,SWIT-ML_OCU_OcuDeInit,SWIT-ML_OCU_OcuStartChannel,SWIT-ML_OCU_OcuStopChannel,SWIT-ML_OCU_OcuEnableNotification,SWIT-ML_OCU_OcuDisableNotification,SWIT-ML_OCU_OcuSetPrescaler,SWIT-ML_OCU_OcuSetPinState,SWIT-ML_OCU_OcuSetPinAction,SWIT-ML_OCU_OcuSetAbsoluteThreshold,SWIT-ML_OCU_OcuSetRelativeThreshold,SWIT-ML_OCU_OcuGetVersionInfo,SWIT-ML_OCU_OcuGetCounter,SWIT-ML_OCU_OcuCheckChannelStatusDetNoChecked,SWIT-ML_OCU_OcuCheckChannelStatusStopped,SWIT-ML_OCU_OcuCheckChannelStatusRunning,SWIT-ML_OCU_OcuCheckChannelStatusUninit",REQ,CY_MCAL_OCU_054
"SWIT-ML_OCU_OcuInit,SWIT-ML_OCU_OcuInitAllChannel,SWIT-ML_OCU_OcuDeInit,SWIT-ML_OCU_OcuStartChannel,SWIT-ML_OCU_OcuStopChannel,SWIT-ML_OCU_OcuEnableNotification,SWIT-ML_OCU_OcuDisableNotification,SWIT-ML_OCU_OcuSetPrescaler,SWIT-ML_OCU_OcuSetPinState,SWIT-ML_OCU_OcuSetPinAction,SWIT-ML_OCU_OcuSetAbsoluteThreshold,SWIT-ML_OCU_OcuSetRelativeThreshold,SWIT-ML_OCU_OcuGetVersionInfo,SWIT-ML_OCU_OcuGetCounter,SWIT-ML_OCU_OcuCheckChannelStatusDetNoChecked,SWIT-ML_OCU_OcuCheckChannelStatusStopped,SWIT-ML_OCU_OcuCheckChannelStatusRunning,SWIT-ML_OCU_OcuCheckChannelStatusUninit",REQ,CY_MCAL_OCU_064
SWIT-ML_OCU_WaitingTrigger,REQ,CY_MCAL_OCU_069
SWIT-ML_OCU_WaitingTrigger,REQ,CY_MCAL_OCU_070
SWIT-ML_OCU_WaitingTrigger,REQ,CY_MCAL_OCU_071
SWIT-ML_OCU_WaitingTrigger,REQ,CY_MCAL_OCU_072
"SWIT-ML_OCU_OcuStartChannel,SWIT-ML_OCU_OcuCheckChannelStatusStopped,SWIT-ML_OCU_OcuCheckChannelStatusRunning,SWIT-ML_OCU_OcuCheckChannelStatusUninit",REQ,CY_MCAL_OCU_075
"SWIT-ML_OCU_OcuInit,SWIT-ML_OCU_OcuInitAllChannel,SWIT-ML_OCU_OcuDeInit,SWIT-ML_OCU_OcuStartChannel,SWIT-ML_OCU_OcuStopChannel,SWIT-ML_OCU_OcuEnableNotification,SWIT-ML_OCU_OcuDisableNotification,SWIT-ML_OCU_OcuSetPrescaler,SWIT-ML_OCU_OcuSetPinState,SWIT-ML_OCU_OcuSetPinAction,SWIT-ML_OCU_OcuSetAbsoluteThreshold,SWIT-ML_OCU_OcuSetRelativeThreshold,SWIT-ML_OCU_OcuGetVersionInfo,SWIT-ML_OCU_OcuGetCounter,SWIT-ML_OCU_OcuCheckChannelStatusDetNoChecked,SWIT-ML_OCU_OcuCheckChannelStatusStopped,SWIT-ML_OCU_OcuCheckChannelStatusRunning,SWIT-ML_OCU_OcuCheckChannelStatusUninit",ARCH,Ocu.DIAG
"SWIT-ML_OCU_OcuInit,SWIT-ML_OCU_OcuInitAllChannel,SWIT-ML_OCU_OcuDeInit,SWIT-ML_OCU_OcuStartChannel,SWIT-ML_OCU_OcuStopChannel,SWIT-ML_OCU_OcuEnableNotification,SWIT-ML_OCU_OcuDisableNotification,SWIT-ML_OCU_OcuSetPrescaler,SWIT-ML_OCU_OcuSetPinState,SWIT-ML_OCU_OcuSetPinAction,SWIT-ML_OCU_OcuSetAbsoluteThreshold,SWIT-ML_OCU_OcuSetRelativeThreshold,SWIT-ML_OCU_OcuGetVersionInfo,SWIT-ML_OCU_OcuGetCounter,SWIT-ML_OCU_OcuCheckChannelStatusDetNoChecked,SWIT-ML_OCU_OcuCheckChannelStatusStopped,SWIT-ML_OCU_OcuCheckChannelStatusRunning,SWIT-ML_OCU_OcuCheckChannelStatusUninit",ARCH,OcuGeneral.DIAG
"SWIT-ML_OCU_OcuDeInit,SWIT-ML_OCU_OcuSetPinState,SWIT-ML_OCU_OcuSetPinAction,SWIT-ML_OCU_OcuGetCounter,SWIT-ML_OCU_OcuSetAbsoluteThreshold,SWIT-ML_OCU_OcuSetRelativeThreshold,SWIT-ML_OCU_OcuDisableNotification,SWIT-ML_OCU_OcuEnableNotification,SWIT-ML_OCU_OcuGetVersionInfo,SWIT-ML_OCU_OcuSetPrescaler,SWIT-ML_OCU_OcuCheckChannelStatusDetNoChecked,SWIT-ML_OCU_OcuCheckChannelStatusStopped,SWIT-ML_OCU_OcuCheckChannelStatusRunning,SWIT-ML_OCU_OcuCheckChannelStatusUninit",ARCH,OcuConfigurationOfOptionalApis.DIAG
"SWIT-ML_OCU_OcuInit,SWIT-ML_OCU_OcuInitAllChannel",ARCH,OcuConfigSet.DIAG
"SWIT-ML_OCU_OcuInit,SWIT-ML_OCU_OcuInitAllChannel",ARCH,OcuChannel.DIAG
"SWIT-ML_OCU_OcuInit,SWIT-ML_OCU_OcuInitAllChannel,SWIT-ML_OCU_OcuDeInit,SWIT-ML_OCU_OcuStartChannel,SWIT-ML_OCU_OcuStopChannel,SWIT-ML_OCU_OcuEnableNotification,SWIT-ML_OCU_OcuDisableNotification,SWIT-ML_OCU_OcuSetPrescaler,SWIT-ML_OCU_OcuSetPinState,SWIT-ML_OCU_OcuSetPinAction,SWIT-ML_OCU_OcuSetAbsoluteThreshold,SWIT-ML_OCU_OcuSetRelativeThreshold,SWIT-ML_OCU_OcuGetVersionInfo,SWIT-ML_OCU_OcuGetCounter,SWIT-ML_OCU_OcuCheckChannelStatusDetNoChecked,SWIT-ML_OCU_OcuCheckChannelStatusStopped,SWIT-ML_OCU_OcuCheckChannelStatusRunning,SWIT-ML_OCU_OcuCheckChannelStatusUninit",ARCH,Ocu.CONF
"SWIT-ML_OCU_OcuInit,SWIT-ML_OCU_OcuInitAllChannel,SWIT-ML_OCU_OcuSetPinState,SWIT-ML_OCU_OcuCheckChannelStatusStopped,SWIT-ML_OCU_OcuCheckChannelStatusRunning,SWIT-ML_OCU_OcuCheckChannelStatusUninit",ARCH,OCU_DOWNCOUNTING.CONF
"SWIT-ML_OCU_OcuInit,SWIT-ML_OCU_OcuInitAllChannel",ARCH,OCU_HIGH.CONF
"SWIT-ML_OCU_OcuInit,SWIT-ML_OCU_OcuInitAllChannel",ARCH,OCU_LOW.CONF
"SWIT-ML_OCU_OcuInit,SWIT-ML_OCU_OcuInitAllChannel,SWIT-ML_OCU_OcuSetPrescaler",ARCH,OCU_PRESCALE_[Prescaler_number].CONF
"SWIT-ML_OCU_OcuInit,SWIT-ML_OCU_OcuInitAllChannel,SWIT-ML_OCU_OcuSetPinState,SWIT-ML_OCU_OcuCheckChannelStatusStopped,SWIT-ML_OCU_OcuCheckChannelStatusRunning,SWIT-ML_OCU_OcuCheckChannelStatusUninit",ARCH,OCU_UPCOUNTING.CONF
"SWIT-ML_OCU_OcuInit,SWIT-ML_OCU_OcuInitAllChannel",ARCH,OcuChannel.CONF
"SWIT-ML_OCU_OcuInit,SWIT-ML_OCU_OcuInitAllChannel,SWIT-ML_OCU_OcuDeInit",ARCH,OcuChannelId.CONF
"SWIT-ML_OCU_OcuInit,SWIT-ML_OCU_OcuInitAllChannel",ARCH,OcuChannelTickDuration.CONF
"SWIT-ML_OCU_OcuInit,SWIT-ML_OCU_OcuSetPrescaler",ARCH,OcuChannelClockSource.CONF
"SWIT-ML_OCU_OcuInit,SWIT-ML_OCU_OcuInitAllChannel",ARCH,OcuConfigSet.CONF
"SWIT-ML_OCU_OcuDeInit,SWIT-ML_OCU_OcuSetPinState,SWIT-ML_OCU_OcuSetPinAction,SWIT-ML_OCU_OcuGetCounter,SWIT-ML_OCU_OcuSetAbsoluteThreshold,SWIT-ML_OCU_OcuSetRelativeThreshold,SWIT-ML_OCU_OcuDisableNotification,SWIT-ML_OCU_OcuEnableNotification,SWIT-ML_OCU_OcuGetVersionInfo,SWIT-ML_OCU_OcuSetPrescaler,SWIT-ML_OCU_OcuCheckChannelStatusDetNoChecked,SWIT-ML_OCU_OcuCheckChannelStatusStopped,SWIT-ML_OCU_OcuCheckChannelStatusRunning,SWIT-ML_OCU_OcuCheckChannelStatusUninit",ARCH,OcuConfigurationOfOptionalApis.CONF
"SWIT-ML_OCU_OcuInit,SWIT-ML_OCU_OcuInitAllChannel,SWIT-ML_OCU_OcuSetPinState,SWIT-ML_OCU_OcuCheckChannelStatusStopped,SWIT-ML_OCU_OcuCheckChannelStatusRunning,SWIT-ML_OCU_OcuCheckChannelStatusUninit",ARCH,OcuCountdirection.CONF
"SWIT-ML_OCU_OcuInit,SWIT-ML_OCU_OcuInitAllChannel",ARCH,OcuDefaultThreshold.CONF
SWIT-ML_OCU_OcuDeInit,ARCH,OcuDeInitApi.CONF
"SWIT-ML_OCU_ISRUninit,SWIT-ML_OCU_Uninit,SWIT-ML_OCU_InvalidChannel,SWIT-ML_OCU_WaitingTrigger,SWIT-ML_OCU_OcuInitFailed,SWIT-ML_OCU_OcuInitAlreadyInitialized,SWIT-ML_OCU_OcuDeInitInvalidState,SWIT-ML_OCU_OcuStartChannelBusy,SWIT-ML_OCU_OcuEnableNotificationNoValidNotif,SWIT-ML_OCU_OcuDisableNotificationNoValidNotif,SWIT-ML_OCU_OcuSetPrescalerBusy,SWIT-ML_OCU_OcuSetPrescalerInvalidClock,SWIT-ML_OCU_OcuSetPinStateInvalidState,SWIT-ML_OCU_OcuSetPinStateNoPin,SWIT-ML_OCU_OcuSetPinActionInvalidAction,SWIT-ML_OCU_OcuSetPinActionNoPin,SWIT-ML_OCU_OcuSetAbsoluteThresholdReferenceValue,SWIT-ML_OCU_OcuSetAbsoluteThresholdInvalidAbsoluteThreshold,SWIT-ML_OCU_OcuSetRelativeThresholdInvalidRelativeThreshold,SWIT-ML_OCU_OcuGetVersionInfoInvalidPointer,SWIT_ML_OCU_OcuCheckChannelStatusDetInvalidPointer",ARCH,OcuDevErrorDetect.CONF
"SWIT-ML_OCU_ISRUninit,SWIT-ML_OCU_Uninit,SWIT-ML_OCU_InvalidChannel,SWIT-ML_OCU_WaitingTrigger,SWIT-ML_OCU_OcuInitFailed,SWIT-ML_OCU_OcuInitAlreadyInitialized,SWIT-ML_OCU_OcuDeInitInvalidState,SWIT-ML_OCU_OcuStartChannelBusy,SWIT-ML_OCU_OcuEnableNotificationNoValidNotif,SWIT-ML_OCU_OcuDisableNotificationNoValidNotif,SWIT-ML_OCU_OcuSetPrescalerBusy,SWIT-ML_OCU_OcuSetPrescalerInvalidClock,SWIT-ML_OCU_OcuSetPinStateInvalidState,SWIT-ML_OCU_OcuSetPinStateNoPin,SWIT-ML_OCU_OcuSetPinActionInvalidAction,SWIT-ML_OCU_OcuSetPinActionNoPin,SWIT-ML_OCU_OcuSetAbsoluteThresholdReferenceValue,SWIT-ML_OCU_OcuSetAbsoluteThresholdInvalidAbsoluteThreshold,SWIT-ML_OCU_OcuSetRelativeThresholdInvalidRelativeThreshold,SWIT-ML_OCU_OcuGetVersionInfoInvalidPointer,SWIT_ML_OCU_OcuCheckChannelStatusDetInvalidPointer",ARCH,OcuErrorCalloutFunction.CONF
"SWIT-ML_OCU_OcuInit,SWIT-ML_OCU_OcuInitAllChannel,SWIT-ML_OCU_OcuDeInit,SWIT-ML_OCU_OcuStartChannel,SWIT-ML_OCU_OcuStopChannel,SWIT-ML_OCU_OcuEnableNotification,SWIT-ML_OCU_OcuDisableNotification,SWIT-ML_OCU_OcuSetPrescaler,SWIT-ML_OCU_OcuSetPinState,SWIT-ML_OCU_OcuSetPinAction,SWIT-ML_OCU_OcuSetAbsoluteThreshold,SWIT-ML_OCU_OcuSetRelativeThreshold,SWIT-ML_OCU_OcuGetVersionInfo,SWIT-ML_OCU_OcuGetCounter,SWIT-ML_OCU_OcuCheckChannelStatusDetNoChecked,SWIT-ML_OCU_OcuCheckChannelStatusStopped,SWIT-ML_OCU_OcuCheckChannelStatusRunning,SWIT-ML_OCU_OcuCheckChannelStatusUninit",ARCH,OcuGeneral.CONF
"SWIT-ML_OCU_OcuCheckChannelStatusDetNoChecked,SWIT-ML_OCU_OcuCheckChannelStatusStopped,SWIT-ML_OCU_OcuCheckChannelStatusRunning,SWIT-ML_OCU_OcuCheckChannelStatusUninit",ARCH,OcuSafetyFunctionApi.CONF
SWIT-ML_OCU_OcuGetCounter,ARCH,OcuGetCounterApi.CONF
"SWIT-ML_OCU_OcuInit,SWIT-ML_OCU_OcuInitAllChannel",ARCH,OcuHardwareTriggeredAdc.CONF
"SWIT-ML_OCU_OcuInit,SWIT-ML_OCU_OcuInitAllChannel",ARCH,OcuHardwareTriggeredDMA.CONF
"SWIT-ML_OCU_OcuInit,SWIT-ML_OCU_OcuInitAllChannel,SWIT-ML_OCU_OcuSetAbsoluteThreshold,SWIT-ML_OCU_OcuSetRelativeThreshold",ARCH,OcuMaxCounterValue.CONF
"SWIT-ML_OCU_OcuStartChannel,SWIT-ML_OCU_OcuDisableNotification,SWIT-ML_OCU_OcuEnableNotification",ARCH,OcuNotification.CONF
"SWIT-ML_OCU_OcuDisableNotification,SWIT-ML_OCU_OcuEnableNotification",ARCH,OcuNotificationSupported.CONF
"SWIT-ML_OCU_OcuSetPinState,SWIT-ML_OCU_OcuSetPinAction",ARCH,OcuOutputPinUsed.CONF
"SWIT-ML_OCU_OcuInit,SWIT-ML_OCU_OcuInitAllChannel",ARCH,OcuOutputPinDefaultState.CONF
"SWIT-ML_OCU_OcuInit,SWIT-ML_OCU_OcuInitAllChannel,SWIT-ML_OCU_OcuSetPrescaler",ARCH,OcuChannelPrescale.CONF
SWIT-ML_OCU_OcuSetAbsoluteThreshold,ARCH,OcuSetAbsoluteThresholdApi.CONF
SWIT-ML_OCU_OcuSetPinAction,ARCH,OcuSetPinActionApi.CONF
SWIT-ML_OCU_OcuSetPinState,ARCH,OcuSetPinStateApi.CONF
SWIT-ML_OCU_OcuSetPrescaler,ARCH,OcuSetPrescalerApi.CONF
SWIT-ML_OCU_OcuSetRelativeThreshold,ARCH,OcuSetRelativeThresholdApi.CONF
SWIT-ML_OCU_OcuGetVersionInfo,ARCH,OcuVersionInfoApi.CONF
"SWIT-ML_OCU_OcuInit,SWIT-ML_OCU_OcuInitAllChannel",ARCH,OcuTimer.CONF
"SWIT-ML_OCU_ISRUninit,SWIT-ML_OCU_Uninit,SWIT-ML_OCU_InvalidChannel,SWIT-ML_OCU_WaitingTrigger,SWIT-ML_OCU_OcuInitFailed,SWIT-ML_OCU_OcuInitAlreadyInitialized,SWIT-ML_OCU_OcuDeInitInvalidState,SWIT-ML_OCU_OcuStartChannelBusy,SWIT-ML_OCU_OcuEnableNotificationNoValidNotif,SWIT-ML_OCU_OcuDisableNotificationNoValidNotif,SWIT-ML_OCU_OcuSetPrescalerBusy,SWIT-ML_OCU_OcuSetPrescalerInvalidClock,SWIT-ML_OCU_OcuSetPinStateInvalidState,SWIT-ML_OCU_OcuSetPinStateNoPin,SWIT-ML_OCU_OcuSetPinActionInvalidAction,SWIT-ML_OCU_OcuSetPinActionNoPin,SWIT-ML_OCU_OcuSetAbsoluteThresholdReferenceValue,SWIT-ML_OCU_OcuSetAbsoluteThresholdInvalidAbsoluteThreshold,SWIT-ML_OCU_OcuSetRelativeThresholdInvalidRelativeThreshold,SWIT-ML_OCU_OcuGetVersionInfoInvalidPointer,SWIT_ML_OCU_OcuCheckChannelStatusDetInvalidPointer",ARCH,OcuIncludeFile.CONF
"SWIT-ML_OCU_OcuInit,SWIT-ML_OCU_OcuInitAllChannel",ARCH,OcuStartTriggerSelect0.CONF
"SWIT-ML_OCU_OcuInit,SWIT-ML_OCU_OcuInitAllChannel",ARCH,OCU_DEBUG_MODE_CONTINUE.CONF
"SWIT-ML_OCU_OcuInit,SWIT-ML_OCU_OcuInitAllChannel",ARCH,OCU_DEBUG_MODE_HALT.CONF
"SWIT-ML_OCU_OcuInit,SWIT-ML_OCU_OcuInitAllChannel",ARCH,OcuDebugMode.CONF
"SWIT-ML_OCU_OcuInit,SWIT-ML_OCU_OcuInitAllChannel",ARCH,OcuStartTriggerSelect1.CONF
SWIT-ML_OCU_ISRUninit,ARCH,Ocu_Isr_Vector_[IRQ_Number]_Cat1.FUNC
SWIT-ML_OCU_ISRUninit,ARCH,Ocu_Isr_Vector_[IRQ_Number]_Cat2.FUNC
"SWIT-ML_OCU_OcuCheckChannelStatusDetNoChecked,SWIT-ML_OCU_OcuCheckChannelStatusStopped,SWIT-ML_OCU_OcuCheckChannelStatusRunning,SWIT-ML_OCU_OcuCheckChannelStatusUninit",ARCH,Ocu_CheckChannelStatus.FUNC
SWIT-ML_OCU_OcuSetPrescaler,ARCH,Ocu_SetPrescaler.FUNC
"SWIT-ML_OCU_OcuInit,SWIT-ML_OCU_OcuInitAllChannel,SWIT-ML_OCU_OcuDeInit,SWIT-ML_OCU_OcuStartChannel,SWIT-ML_OCU_OcuStopChannel",ARCH,OcuChannelStateMachine.DIAG
"SWIT-ML_OCU_OcuInit,SWIT-ML_OCU_OcuInitAllChannel",ARCH,OcuInit.DIAG
SWIT-ML_OCU_OcuDeInit,ARCH,OcuDeInit.DIAG
"SWIT-ML_OCU_OcuInit,SWIT-ML_OCU_OcuInitAllChannel,SWIT-ML_OCU_OcuDeInit",ARCH,OcuDriverStateMachine.DIAG
SWIT-ML_OCU_OcuStartChannel,ARCH,OcuStartChannel.DIAG
SWIT-ML_OCU_OcuStopChannel,ARCH,OcuStopChannel.DIAG
SWIT-ML_OCU_OcuDeInit,ARCH,Ocu_DeInit.FUNC
SWIT-ML_OCU_OcuDisableNotification,ARCH,Ocu_DisableNotification.FUNC
SWIT-ML_OCU_OcuEnableNotification,ARCH,Ocu_EnableNotification.FUNC
SWIT-ML_OCU_OcuGetCounter,ARCH,Ocu_GetCounter.FUNC
SWIT-ML_OCU_OcuGetVersionInfo,ARCH,Ocu_GetVersionInfo.FUNC
SWIT-ML_OCU_OcuInit,ARCH,Ocu_Init.FUNC
SWIT-ML_OCU_OcuSetAbsoluteThreshold,ARCH,Ocu_SetAbsoluteThreshold.FUNC
SWIT-ML_OCU_OcuSetPinAction,ARCH,Ocu_SetPinAction.FUNC
SWIT-ML_OCU_OcuSetPinState,ARCH,Ocu_SetPinState.FUNC
SWIT-ML_OCU_OcuSetRelativeThreshold,ARCH,Ocu_SetRelativeThreshold.FUNC
SWIT-ML_OCU_OcuStartChannel,ARCH,Ocu_StartChannel.FUNC
SWIT-ML_OCU_OcuStopChannel,ARCH,Ocu_StopChannel.FUNC
SWIT-ML_OCU_OcuDisableNotification,ARCH,OcuDisableNotification.DIAG
SWIT-ML_OCU_OcuEnableNotification,ARCH,OcuEnableNotification.DIAG
SWIT-ML_OCU_OcuGetCounter,ARCH,OcuGetCounter.DIAG
SWIT-ML_OCU_OcuGetVersionInfo,ARCH,OcuGetVersionInfo.DIAG
"SWIT-ML_OCU_OcuCheckChannelStatusDetNoChecked,SWIT-ML_OCU_OcuCheckChannelStatusStopped,SWIT-ML_OCU_OcuCheckChannelStatusRunning,SWIT-ML_OCU_OcuCheckChannelStatusUninit",ARCH,OcuCheckChannelStatus.DIAG
"SWIT-ML_OCU_ISRUninit,SWIT-ML_OCU_Uninit,SWIT-ML_OCU_InvalidChannel,SWIT-ML_OCU_WaitingTrigger,SWIT-ML_OCU_OcuInitFailed,SWIT-ML_OCU_OcuInitAlreadyInitialized,SWIT-ML_OCU_OcuDeInitInvalidState,SWIT-ML_OCU_OcuStartChannelBusy,SWIT-ML_OCU_OcuEnableNotificationNoValidNotif,SWIT-ML_OCU_OcuDisableNotificationNoValidNotif,SWIT-ML_OCU_OcuSetPrescalerBusy,SWIT-ML_OCU_OcuSetPrescalerInvalidClock,SWIT-ML_OCU_OcuSetPinStateInvalidState,SWIT-ML_OCU_OcuSetPinStateNoPin,SWIT-ML_OCU_OcuSetPinActionInvalidAction,SWIT-ML_OCU_OcuSetPinActionNoPin,SWIT-ML_OCU_OcuSetAbsoluteThresholdReferenceValue,SWIT-ML_OCU_OcuSetAbsoluteThresholdInvalidAbsoluteThreshold,SWIT-ML_OCU_OcuSetRelativeThresholdInvalidRelativeThreshold,SWIT-ML_OCU_OcuGetVersionInfoInvalidPointer,SWIT_ML_OCU_OcuCheckChannelStatusDetInvalidPointer",ARCH,OcuReportError.DIAG
SWIT-ML_OCU_OcuSetAbsoluteThreshold,ARCH,OcuSetAbsoluteThreshold.DIAG
SWIT-ML_OCU_OcuSetPinAction,ARCH,OcuSetPinAction.DIAG
SWIT-ML_OCU_OcuSetPinState,ARCH,OcuSetPinState.DIAG
SWIT-ML_OCU_OcuSetPrescaler,ARCH,OcuSetPrescaler.DIAG
SWIT-ML_OCU_OcuSetRelativeThreshold,ARCH,OcuSetRelativeThreshold.DIAG
SWIT-ML_OCU_ISRUninit,ARCH,OcuInterruptHandler.DIAG
"SWIT-ML_OCU_OcuInit,SWIT-ML_OCU_OcuInitAllChannel,SWIT-ML_OCU_OcuCheckChannelStatusStopped,SWIT-ML_OCU_OcuCheckChannelStatusRunning,SWIT-ML_OCU_OcuCheckChannelStatusUninit",ARCH,BOTH_(for_OcuHwTriggerOutputLine).CONF
"SWIT-ML_OCU_OcuInit,SWIT-ML_OCU_OcuInitAllChannel,SWIT-ML_OCU_OcuCheckChannelStatusStopped,SWIT-ML_OCU_OcuCheckChannelStatusRunning,SWIT-ML_OCU_OcuCheckChannelStatusUninit",ARCH,OcuHwTriggerOutputLine.CONF
"SWIT-ML_OCU_OcuInit,SWIT-ML_OCU_OcuInitAllChannel,SWIT-ML_OCU_OcuCheckChannelStatusStopped,SWIT-ML_OCU_OcuCheckChannelStatusRunning,SWIT-ML_OCU_OcuCheckChannelStatusUninit",ARCH,TR_OUT0_(for_OcuHwTriggerOutputLine).CONF
"SWIT-ML_OCU_OcuInit,SWIT-ML_OCU_OcuInitAllChannel,SWIT-ML_OCU_OcuCheckChannelStatusStopped,SWIT-ML_OCU_OcuCheckChannelStatusRunning,SWIT-ML_OCU_OcuCheckChannelStatusUninit",ARCH,TR_OUT1_(for_OcuHwTriggerOutputLine).CONF
